text,label
Urgent hiring! Work from home earn 5000 daily no interview just WhatsApp now.,0
Urgent hiring! Work from home earn 5000 daily no interview just WhatsApp now.,0
Urgent hiring! Work from home earn 5000 daily no interview just WhatsApp now.,0
Urgent hiring! Work from home earn 5000 daily no interview just WhatsApp now.,0
Urgent hiring! Work from home earn 5000 daily no interview just WhatsApp now.,0
Urgent hiring! Work from home earn 5000 daily no interview just WhatsApp now.,0
Urgent hiring! Work from home earn 5000 daily no interview just WhatsApp now.,0
Urgent hiring! Work from home earn 5000 daily no interview just WhatsApp now.,0
Urgent hiring! Work from home earn 5000 daily no interview just WhatsApp now.,0
Urgent hiring! Work from home earn 5000 daily no interview just WhatsApp now.,0
Urgent hiring! Work from home earn 5000 daily no interview just WhatsApp now.,0
Urgent hiring! Work from home earn 5000 daily no interview just WhatsApp now.,0
Urgent hiring! Work from home earn 5000 daily no interview just WhatsApp now.,0
Urgent hiring! Work from home earn 5000 daily no interview just WhatsApp now.,0
Urgent hiring! Work from home earn 5000 daily no interview just WhatsApp now.,0
Urgent hiring! Work from home earn 5000 daily no interview just WhatsApp now.,0
Urgent hiring! Work from home earn 5000 daily no interview just WhatsApp now.,0
Urgent hiring! Work from home earn 5000 daily no interview just WhatsApp now.,0
Urgent hiring! Work from home earn 5000 daily no interview just WhatsApp now.,0
Urgent hiring! Work from home earn 5000 daily no interview just WhatsApp now.,0
Urgent hiring! Work from home earn 5000 daily no interview just WhatsApp now.,0
Urgent hiring! Work from home earn 5000 daily no interview just WhatsApp now.,0
Urgent hiring! Work from home earn 5000 daily no interview just WhatsApp now.,0
Urgent hiring! Work from home earn 5000 daily no interview just WhatsApp now.,0
Urgent hiring! Work from home earn 5000 daily no interview just WhatsApp now.,0
Urgent hiring! Work from home earn 5000 daily no interview just WhatsApp now.,0
Urgent hiring! Work from home earn 5000 daily no interview just WhatsApp now.,0
Urgent hiring! Work from home earn 5000 daily no interview just WhatsApp now.,0
Urgent hiring! Work from home earn 5000 daily no interview just WhatsApp now.,0
Urgent hiring! Work from home earn 5000 daily no interview just WhatsApp now.,0
Urgent hiring! Work from home earn 5000 daily no interview just WhatsApp now.,0
Urgent hiring! Work from home earn 5000 daily no interview just WhatsApp now.,0
Urgent hiring! Work from home earn 5000 daily no interview just WhatsApp now.,0
Urgent hiring! Work from home earn 5000 daily no interview just WhatsApp now.,0
Urgent hiring! Work from home earn 5000 daily no interview just WhatsApp now.,0
Urgent hiring! Work from home earn 5000 daily no interview just WhatsApp now.,0
Urgent hiring! Work from home earn 5000 daily no interview just WhatsApp now.,0
Urgent hiring! Work from home earn 5000 daily no interview just WhatsApp now.,0
Urgent hiring! Work from home earn 5000 daily no interview just WhatsApp now.,0
Urgent hiring! Work from home earn 5000 daily no interview just WhatsApp now.,0
Urgent hiring! Work from home earn 5000 daily no interview just WhatsApp now.,0
Urgent hiring! Work from home earn 5000 daily no interview just WhatsApp now.,0
Urgent hiring! Work from home earn 5000 daily no interview just WhatsApp now.,0
Urgent hiring! Work from home earn 5000 daily no interview just WhatsApp now.,0
Urgent hiring! Work from home earn 5000 daily no interview just WhatsApp now.,0
Urgent hiring! Work from home earn 5000 daily no interview just WhatsApp now.,0
Urgent hiring! Work from home earn 5000 daily no interview just WhatsApp now.,0
Urgent hiring! Work from home earn 5000 daily no interview just WhatsApp now.,0
Urgent hiring! Work from home earn 5000 daily no interview just WhatsApp now.,0
Urgent hiring! Work from home earn 5000 daily no interview just WhatsApp now.,0
We are hiring software engineers with Python and AWS experience. Full time on-site role.,1
We are hiring software engineers with Python and AWS experience. Full time on-site role.,1
We are hiring software engineers with Python and AWS experience. Full time on-site role.,1
We are hiring software engineers with Python and AWS experience. Full time on-site role.,1
We are hiring software engineers with Python and AWS experience. Full time on-site role.,1
We are hiring software engineers with Python and AWS experience. Full time on-site role.,1
We are hiring software engineers with Python and AWS experience. Full time on-site role.,1
We are hiring software engineers with Python and AWS experience. Full time on-site role.,1
We are hiring software engineers with Python and AWS experience. Full time on-site role.,1
We are hiring software engineers with Python and AWS experience. Full time on-site role.,1
We are hiring software engineers with Python and AWS experience. Full time on-site role.,1
We are hiring software engineers with Python and AWS experience. Full time on-site role.,1
We are hiring software engineers with Python and AWS experience. Full time on-site role.,1
We are hiring software engineers with Python and AWS experience. Full time on-site role.,1
We are hiring software engineers with Python and AWS experience. Full time on-site role.,1
We are hiring software engineers with Python and AWS experience. Full time on-site role.,1
We are hiring software engineers with Python and AWS experience. Full time on-site role.,1
We are hiring software engineers with Python and AWS experience. Full time on-site role.,1
We are hiring software engineers with Python and AWS experience. Full time on-site role.,1
We are hiring software engineers with Python and AWS experience. Full time on-site role.,1
We are hiring software engineers with Python and AWS experience. Full time on-site role.,1
We are hiring software engineers with Python and AWS experience. Full time on-site role.,1
We are hiring software engineers with Python and AWS experience. Full time on-site role.,1
We are hiring software engineers with Python and AWS experience. Full time on-site role.,1
We are hiring software engineers with Python and AWS experience. Full time on-site role.,1
We are hiring software engineers with Python and AWS experience. Full time on-site role.,1
We are hiring software engineers with Python and AWS experience. Full time on-site role.,1
We are hiring software engineers with Python and AWS experience. Full time on-site role.,1
We are hiring software engineers with Python and AWS experience. Full time on-site role.,1
We are hiring software engineers with Python and AWS experience. Full time on-site role.,1
We are hiring software engineers with Python and AWS experience. Full time on-site role.,1
We are hiring software engineers with Python and AWS experience. Full time on-site role.,1
We are hiring software engineers with Python and AWS experience. Full time on-site role.,1
We are hiring software engineers with Python and AWS experience. Full time on-site role.,1
We are hiring software engineers with Python and AWS experience. Full time on-site role.,1
We are hiring software engineers with Python and AWS experience. Full time on-site role.,1
We are hiring software engineers with Python and AWS experience. Full time on-site role.,1
We are hiring software engineers with Python and AWS experience. Full time on-site role.,1
We are hiring software engineers with Python and AWS experience. Full time on-site role.,1
We are hiring software engineers with Python and AWS experience. Full time on-site role.,1
We are hiring software engineers with Python and AWS experience. Full time on-site role.,1
We are hiring software engineers with Python and AWS experience. Full time on-site role.,1
We are hiring software engineers with Python and AWS experience. Full time on-site role.,1
We are hiring software engineers with Python and AWS experience. Full time on-site role.,1
We are hiring software engineers with Python and AWS experience. Full time on-site role.,1
We are hiring software engineers with Python and AWS experience. Full time on-site role.,1
We are hiring software engineers with Python and AWS experience. Full time on-site role.,1
We are hiring software engineers with Python and AWS experience. Full time on-site role.,1
We are hiring software engineers with Python and AWS experience. Full time on-site role.,1
We are hiring software engineers with Python and AWS experience. Full time on-site role.,1
